,country iso3,units,1990,1991,1992,1993,1994,1995,1996,1997,1998,1999,2000,2001,2002,2003,2004,2005,2006,2007,2008,2009,2010,2011,2012,2013,2014,2015,2016,2017,2018,2019,2020,2021
0,AUS,kg/person/year,35.7491718062227,35.25609380267112,34.51843688052985,34.09419170427311,32.45139726626103,32.36923663274102,28.89151796536814,28.329050673402044,26.550935520456314,26.533601045099353,25.81934662928937,25.606064709722908,25.66580037712358,23.44949399814681,22.304326240789486,21.72021023332108,20.87549253751033,21.07617238402621,21.44154932590194,20.90274182152794,21.07657495369489,20.030620661041173,17.534070610893824,15.911205672933397,15.613540385193957,14.619414156098202,14.58453169387405,14.785419749890343,13.767865717638214,14.38845158036169,14.216587342191103,13.882664785032759
1,AUT,kg/person/year,18.9817335426822,19.156124768703183,18.744250829451488,18.421870103915282,17.803016400259093,16.886802551373545,15.91384415131727,15.180682877108277,14.569924759181871,13.933539982221301,13.316880935394792,12.726858026212856,12.619829606386613,12.537452293799735,12.662237350844334,11.85238821591965,11.193693257361955,10.531686003284136,9.967741648901326,9.15409036809058,8.446559295203642,7.7941988067326555,7.208643369650356,6.59718787364494,5.997085738731843,5.486806897591261,4.992665347777862,4.607571388456255,4.250008093375264,3.9752127529563404,3.7318731400501113,3.5154863169417028
2,BEL,kg/person/year,11.9170041490106,12.409715370615967,12.74987318124086,11.452007942064474,12.183053284063186,12.193958856547317,11.873984887569257,12.048980454479738,11.694916182708985,11.15881258373735,10.701523290649511,9.26072860117822,8.673983407183172,7.44789379041956,7.446317450494019,6.692817065046051,6.381898974081463,5.888557993592299,5.379365714169377,5.069870197783295,4.520893332901118,4.334445962576412,4.1467882400200775,3.7312363718760526,3.458249800104065,3.034412039966438,2.8448577167941993,2.7273465723512698,2.4489785228866108,2.2503117730820312,1.9878875185152363,1.7878978707138276
3,BGR,kg/person/year,8.552113822106053,8.535200549793686,8.511255063001414,8.669899322594679,9.656003826842356,10.422518751549973,10.987362354565054,11.397499401647705,11.635008532296725,11.860912677269118,12.130582878180721,12.361919527135958,12.572597771088514,12.783867740336749,12.946572030222173,13.127004037826651,13.145381543924092,13.274792677801987,13.544282731250613,13.813832499697158,13.93215388473535,14.119348026415935,13.969285667059465,13.787567876638425,13.382944862894066,13.286624721012032,13.056020927685797,12.642341643495408,12.34739388179605,12.056376789479224,11.79043141312052,11.611316026213483
4,BLR,kg/person/year,6.5359585579928785,6.565887700124577,6.59917838796142,6.638048355733498,6.679917024463155,6.72729818296261,6.7940755678338025,6.967322274088027,7.141053663415645,7.325849178447811,7.540358118226472,7.764062658502756,7.99455215533678,8.241004266778106,8.548219860721321,8.971279593217268,9.138024764120015,9.340652599625274,9.49730399163742,9.70267945989216,9.949008812417272,10.249882781096625,10.521582994988742,10.787639178745824,10.987218284788012,11.146179479848398,11.280524839387063,11.427974006978339,11.562047095296323,11.675961058248895,11.548670609752806,11.15602390311215
5,CAN,kg/person/year,24.62636951033801,24.328800312650028,24.158661560430456,24.261850587940565,24.30687865024177,24.048151871489456,23.495799168404087,23.258322321143453,23.529259767514016,24.366790247777494,24.664603362303822,24.00037955852388,24.197349583124005,24.069912204243103,23.906382721831474,23.80398579989948,23.74375312577312,22.992805122198718,22.76376321526179,21.438661565856673,20.504778605066388,20.240214634269158,20.45649352459696,20.54062005343388,20.322719149768222,20.07862901538171,19.716450614533247,19.754761848628885,19.458364762673668,19.076920806398604,18.850038676498052,18.801536219163626
6,CHE,kg/person/year,4.5874565478486575,3.987892973960447,3.9529743078130224,3.651334802261956,3.2955552841163134,3.281859233845915,3.2064201957341556,3.120884188199291,3.0191942540897365,2.9405233514948756,2.9240918238070726,2.9900463747661914,3.0311909054927657,2.8595246120815543,2.9139357804765136,2.8506677382248076,2.8020965858239655,2.6755312716788757,2.5189676011168993,2.3663488012329323,2.2438537360809008,2.1184348542317504,2.0034173205775376,1.8954134994121805,1.8004734121816248,1.6983645450009732,1.603327784477967,1.5133191752131854,1.4215507454752718,1.3306726022752025,1.2596235066902521,1.1892782364556438
7,CYP,kg/person/year,13.378269124195056,13.440567383708892,13.5031981142729,13.529553130253262,13.516864151266645,13.531639960551635,13.595798101554466,13.66795800589091,13.750580819962304,13.835188367964385,13.925557475763357,14.023059668447727,14.13558208809051,14.238636440011986,14.351798766996753,14.475975497704885,14.595632719954311,14.746922133910724,14.90665403521639,15.07951443403392,15.243647041990245,15.453021724736196,15.65030718809978,15.894526547722638,16.037023226055652,16.074909668318963,16.131478986554598,16.2037377960106,16.2645288791491,16.320445752702874,16.38816423894407,16.422304558698983
8,CZE,kg/person/year,6.9611081860425434,7.278846351708943,7.552373674618162,7.8558839268388185,8.159865455646859,8.453654815291193,8.625860356852039,8.96916963929123,9.304682716301148,9.639572794713901,9.876867194220873,10.162781216119502,10.427610126584991,10.721490620774576,10.555720997973523,10.6741646843043,10.77924669816167,10.641595694281689,11.128873400752651,11.468964184331892,11.838689348404452,11.921876142647431,12.073455870150823,12.23251224063259,12.024782872831771,12.156292818554158,12.123784337034492,12.146188464223126,12.249048729638734,12.382797330243442,12.510748635479912,12.656822579191331
9,DEU,kg/person/year,16.734984502243133,17.598245798087138,17.93088288851709,17.798410315810084,17.314802036731827,16.666514223750024,15.840643269908629,14.381155125982417,13.270851740147483,12.363297236477594,11.5052201808186,10.62845600801074,9.840045164111281,9.074111203623104,7.951635967673981,7.194820854924105,6.3842194721742755,5.705508104261648,5.106930057250482,4.497147849545564,3.959061096643115,3.5386151628344376,3.167922130406479,2.8295093996075518,2.529012601878905,2.2592385974934137,2.0202250117795244,1.85181433265685,1.6994404698590155,1.4718669416794299,1.2742504445151788,1.1022130895591356
10,DNK,kg/person/year,10.636912278649994,10.563157461208974,10.316273605057942,10.071517519528339,9.310502561309379,8.511540598844817,8.12361749027594,7.353624916862595,6.701718220872571,6.7448360358669746,6.590504855175799,6.512152739154779,5.9076492905027855,6.037078553196505,5.08759177146636,4.893681529750292,5.2280168048524,4.902299525007612,4.7061927059121205,4.437997192598054,3.987812268050088,4.052431269874274,3.9562529651024922,3.7486234097021347,3.6958695426627353,3.491851091340637,3.281602237035946,3.135889304924496,3.049489640795072,2.922432179759329,2.866724165644512,2.6985030380404886
11,ESP,kg/person/year,5.630053793699436,5.986129259221393,6.396231609710371,6.763123815814221,7.0659782302143475,7.433965742166819,7.727600178170711,8.138692125943098,8.482559066483654,8.824612625742953,9.053118006361597,9.355413314651377,9.446602075695937,9.111208681355816,8.599609369891283,8.70725431772657,8.805372154332082,8.8630939754561,8.917058166072895,9.990025278851009,9.100610386321861,9.571695392276082,9.539116225777857,9.307808195846578,8.574974029664032,9.22359055831296,8.816320289977162,8.618179473992988,8.471400579837901,8.151480512703937,7.881041266361888,7.804959228448836
12,EST,kg/person/year,5.442708514298773,5.840718908129893,6.281088048206775,7.041858027575982,7.185913149866676,6.987931433760493,8.283870681413077,10.023413261940147,11.014978468333279,11.257095936277286,12.530909913898286,12.898916304980133,12.764220678012023,12.271261903862593,12.398167740358609,11.470905222645795,10.999532479648984,10.417748084869094,10.251168474476126,10.838282476356934,10.669715497992467,9.85960694605346,9.08859809661453,7.923880566374579,7.139294144153239,6.498924958439973,5.93234897239322,5.830785875780779,5.491716976743965,5.478991464008179,5.2326097505089795,5.2925270525693815
13,FIN,kg/person/year,34.71541720130099,34.97979465701233,34.91246516583304,34.67394730188798,34.00626705589414,33.243224754951285,32.26635493814039,31.25122412252431,29.625277702101695,28.75578509380812,26.764279158743392,25.468365131701955,23.440988748212707,21.791432936075637,20.49513174759441,18.532031817716533,19.00052546868731,18.045573710233292,17.113198351322612,16.338653557015927,16.176168657149713,15.415057247679451,15.039740737614334,14.08760471656623,13.06627254350501,12.633812059251811,11.700809328982157,10.958029765038651,10.640951661157606,10.328156143841833,10.019127409725492,9.48381701779916
14,FRA,kg/person/year,8.3781066811781,8.785117350896277,9.235005982666111,9.698889685035974,9.869562185151263,10.002049669977444,10.072346542632223,10.169715078034185,10.47466942069674,10.609732175766935,10.752177097945463,10.890917684778499,11.004161860985324,11.025481507539308,10.929654250440198,10.737132716827054,10.61238069803644,10.571308552487807,10.485575300922715,10.032068840141676,9.95026810699093,9.286003594249195,9.009488921029467,8.078966495524023,7.522548759454337,7.045696228471091,7.049177581542495,7.090901507020795,6.931624094087651,7.422535212135108,7.404336664853137,6.945552505327952
15,GBR,kg/person/year,42.22090839208503,42.53305919709912,42.479624296209956,42.747810679918956,43.01673962446859,43.681998063732465,43.70774238650022,43.44704625050508,42.62304600884424,40.59711873150379,38.76623773660217,37.785395123375025,36.824788409261025,34.17431013255759,31.056666976846305,29.073791696510156,26.788033643757732,24.43341777414613,21.434036014341878,18.742781993821037,15.581153616486223,14.060312773096767,13.027899466589393,11.079562942641909,9.507403420435061,9.0832301064201,8.58052532956967,8.636540376282817,8.638242347095538,8.472320293345643,7.702680475412859,7.3131908146277835
16,GRC,kg/person/year,8.708919760884784,8.897267546467697,9.104794288947346,9.32492029858415,9.561957360593256,9.815796260713968,10.086306347514556,10.377016038067286,10.685809007292885,11.011819340179725,11.41641150621548,9.868205389468828,10.290959503360913,11.016051101578794,11.207302879093993,11.947945159272772,12.455606798715129,12.260502352205714,12.658044967785305,11.765290726448232,12.487380617114376,11.73074608694634,11.022895701288403,11.392752257962988,11.66456571543362,11.65082943782263,11.70209047011185,12.160978527320538,12.596497658102358,12.576412972687493,13.0678780799954,14.30078666056533
17,HRV,kg/person/year,2.7178614065584368,2.8903549528860597,3.067688629279706,3.2164327464003595,3.3488118829463183,3.5216185844152417,3.7538463818492858,4.007656812036328,4.2970360313517535,4.605172894824304,4.961456752445453,5.306971715882771,5.681748227849154,6.1001600155951206,6.506883406265615,6.490119453267437,7.182263915729278,7.812154188052479,8.568151061618885,9.330047508815644,9.583314725784819,9.932812196237247,10.252343253913216,10.260867644735534,10.720278991692814,11.224742811963827,11.544199745475215,12.047273441223588,12.06410086115294,11.915194570241395,12.143994492954853,11.132709787126918
18,HUN,kg/person/year,9.765234606855353,10.129621474684045,10.34970757534815,10.619482369421982,10.83386953024416,11.0741767425206,11.2774906442081,11.529841546354753,11.824549567292568,12.138087602969982,12.463406125761521,12.580572237542672,13.019562300761672,13.396227511134814,13.531599598657154,13.705696528717759,13.668668993688788,13.735095784521079,13.652759731527139,13.769261273332498,13.666933307956104,13.113031307413255,13.436135679327057,12.741486241607685,12.425568628843395,12.298994620062581,11.966142268463361,11.999318647910211,11.972587557012769,11.948392693415038,11.89788513544015,11.866704850523472
19,IRL,kg/person/year,15.12692760829454,15.961815160847236,16.5678109921241,17.0413529268142,17.486844764500272,17.79876630496454,16.323599791168853,13.326094367714699,13.73786750972388,13.562550910212728,13.45906669878947,14.25400476415144,14.766801683312872,14.723351943391977,11.814145540395211,9.773800309297815,9.911155760625993,5.651525262074139,4.167126733653856,2.5317162048948973,2.4633994705181808,3.358442509451304,2.653418607764088,4.018189754374808,5.608633965188932,6.23201112260448,6.3578842752226095,6.017830706196116,5.731375256171221,5.415166138504505,5.334165143895915,5.036371169434371
20,ISL,kg/person/year,23.485660847623116,23.993326264094485,25.744036803668347,27.232655539684465,28.59835212602921,30.049933253013847,30.461249679159682,30.772305588230957,31.336973211805237,31.934546772636565,32.28505451926015,33.02047579039259,32.84129787142371,32.7243563093295,33.496792198001785,31.56314191105919,34.90284418949584,33.65881755506601,31.736868520844155,30.46351555646173,30.49509712376662,27.732965787536845,24.416008046009242,25.69037525090734,24.97699216130923,24.182683530175797,22.87587755805467,21.51194892646785,21.853966575340138,17.738513904549663,20.21293049316959,19.980080350493473
21,ITA,kg/person/year,8.60249380565275,9.036817648247132,9.335372688462632,9.73741068129484,10.183105601017386,10.634175174807536,11.107359900813572,11.501718718720642,11.31148682722543,11.344045948740971,12.076989596728929,12.94557573398302,12.410933928752412,12.216317682671741,11.71248490093219,11.685515412538797,11.247211770013871,10.95899121021153,10.558623977061641,10.575459280072064,10.405102684077603,10.004748197373335,10.03672087239457,9.205860678873158,9.16719960786432,9.319610574670506,9.108457884370218,9.095500806912733,9.103109956175164,9.001858620018371,9.579541814970945,9.449330094177917
22,JPN,kg/person/year,3.2144442132390605,3.1642679852228013,3.1282655588779953,3.047897794734248,2.9760238804442163,2.862612323463248,2.7561838277872046,2.638158738687713,2.5039490359700762,2.3767223964281476,2.258663013021483,2.14132761940361,2.0253247672783323,1.9098026584762573,1.791996476762535,1.6755486253229401,1.5564442730405623,1.4461626605959343,1.3238826763895073,1.217563092513422,1.1142310148348413,1.0317954475055617,0.9624042122747187,0.8964016501001889,0.8279311546474161,0.7670902179860775,0.7081242520231944,0.6606990643967037,0.6144644493861658,0.5745375878580138,0.5373110840813881,0.5037735419707916
23,KAZ,kg/person/year,3.594093236422856,3.747250760748396,3.8959323708385476,4.051309042793873,4.231167438569103,4.404805454729991,4.575004334361336,4.756507281217099,4.9495116210448655,5.105446913413547,5.196159449439439,5.263300828431641,5.32565337043971,5.377930131924368,5.416210349709891,5.442555585476162,5.454172688587342,5.496642037778512,5.657389178179481,5.806478320296294,6.003787504051188,6.15953224080498,6.326425796287686,6.429247263822593,6.5147827759625265,6.573816899379785,6.598426323168674,6.571183305492482,6.6150256291111615,6.686481544617761,6.744736868588488,6.72415468160414
24,LIE,kg/person/year,0.668874510638971,0.620826646109435,0.5764980475572158,0.535418836595695,0.49756174405721415,0.46257742129362256,0.4302774322653732,0.40065613521687127,0.3734380657598633,0.34820082520680673,0.3249725583561437,0.30399305576192476,0.28476478378298165,0.2669325988799999,0.2503583998827988,0.23487393004479382,0.2205285502327381,0.20727256454992887,0.19492677011186127,0.18325103408885773,0.17243536655875966,0.16224937216861476,0.1524859281761403,0.14341114664701407,0.13495524591950617,0.12713893704912327,0.11982309702916856,0.11288033907941619,0.10633520897304943,0.10017361208227223,0.09446092075627,0.08907712244140474
25,LTU,kg/person/year,10.870318340774057,11.11014122814472,11.339827081238187,11.565398868171561,11.680590319604562,11.770779210781466,11.939928566494089,12.113343801777093,12.256212566093115,12.39396975189703,12.623531666584961,13.178199164284045,13.476710790698899,13.782753654225102,13.723809302238461,13.663354481759532,13.659202018910104,13.653576467134593,12.699540370471238,12.790343372090947,12.768888220212972,12.195921620646677,12.136500902103771,11.837114850540356,11.299714093800473,10.816195245348197,10.375895131381037,10.31399829856382,8.79613196335884,8.418411527239723,8.265619866142142,7.9069655496413045
26,LUX,kg/person/year,9.671307045589126,9.754013731462297,9.663587395851895,9.409412465052144,8.412946883481867,8.271113141768836,8.153103694877784,8.240046647456664,8.150720524520816,8.044044719335714,7.596156896475065,7.413750891991682,7.300178676909913,7.230225722921186,6.701724039854147,6.423284374409027,6.219036567021342,6.082213502743858,5.836467049597368,5.6488954158936915,4.6356748380984865,4.549303976064036,4.230376249518626,4.221562481817974,4.076035694172054,3.816662061061559,3.3949893974948875,3.4030681120288855,3.138374735061201,2.9777901167830856,2.8455717923129793,2.6918947641273476
27,LVA,kg/person/year,4.681395443699619,4.8618305338886,5.05772266564902,5.274834197471922,5.516577119850847,5.775727722498873,6.043704434439462,6.320489449607051,6.610376608069156,6.909365304044724,7.21263367051841,7.524552766958274,7.4770445585003005,6.954965081222447,6.549208352216738,6.8198609044148535,7.112103751686318,7.381873368920275,7.811647456012165,7.921639198905178,7.996809246872436,8.004810563403463,8.046157614882038,7.837631927827547,7.843714144802393,7.327011491452728,7.358972496456247,7.1195431496327775,7.167158840733235,7.4116016851979625,7.336381967281139,7.104329156816319
28,MCO,kg/person/year,,,,,,,,,,,,,,,,,,,,,,,,,,,,,,,,
29,MLT,kg/person/year,4.5426410094127405,5.098210602970516,5.6622934855754545,6.228563896920592,6.797721733462039,7.375684915861609,7.964400703871477,8.542323726737417,9.266074324723387,9.953342754893544,10.686865799524314,11.324045622673475,12.014288818363871,12.700579364977356,13.419309810040827,14.151125564394599,14.749355287021816,15.322348702157877,7.605418587575042,9.29828268078159,8.044897181372544,9.018838728860736,9.567474072600515,9.257868646624718,10.030256031127719,10.672948466790062,11.332840295925275,10.945608234044467,11.295810523462446,11.733464383117932,12.173879092989166,12.400706296972764
30,NLD,kg/person/year,36.613482619432915,36.3895827658222,35.391112610098226,34.158442373923336,32.835139801902386,30.973093065233222,29.754517000060495,28.634417972244872,27.247069819835836,24.785971447051747,23.210876134846835,21.711097651650622,20.44389401485965,19.027489398862098,18.110354595067005,14.345502185170785,13.22306862663772,12.206220250166858,11.336623654258943,10.757136472194109,9.923341998904263,9.232455112847598,8.620228641603823,8.120159062680735,7.504730112286594,6.981407958312157,6.4980567155329165,5.971590027722003,5.752606698304464,5.460920573603675,5.064981524134637,4.808269761274673
31,NOR,kg/person/year,19.443062980887568,18.443931771051595,18.05102740731081,18.009608500288486,17.861403247924304,17.875682018327115,17.04793534420782,16.571580196094143,15.021447689316638,14.186676242038017,14.559699579310838,13.872931661533396,13.148519602559295,12.91761191824965,12.735469055982469,11.886689235370286,11.95060212478334,11.575976598747616,10.926839115188477,10.912702814069165,10.561877246463565,10.306028636772616,9.834571827650459,9.428136227165405,9.103280312881296,8.502141519194444,7.9358087715478955,7.4193815608164035,7.0817324042979335,6.648940073993896,6.269399909737076,6.103306311783722
32,NZL,kg/person/year,39.06766099063549,39.27630842214738,39.829237433405034,40.48499473367291,39.074666183769104,39.46960079492542,39.885680585996575,39.81025752586712,39.25996225954854,39.229359439792866,39.401913926372565,39.482509304984234,39.235290575033744,37.72704381680717,37.254714639318436,36.77581024813052,34.513588726938956,33.84585155643412,32.811504260433615,31.307540685508236,30.41587227213992,28.822058725831024,27.62462039581129,26.898988074944967,26.042005706812716,25.203874658079656,24.444907588194994,23.703101918804123,22.65787416532059,21.67394651052553,20.834759351637743,20.103642404724866
33,POL,kg/person/year,13.718050717590527,13.538914802093817,13.220497939436044,12.82569021159534,12.394288601912903,11.999017598767951,11.55487037329745,11.15258397060276,10.888190129488386,10.492309971843602,9.73629605080325,9.092104649744165,8.47930566988229,7.784712280245374,7.240431514721107,6.673857549336101,6.052935058113881,5.468054193236279,4.714402429304216,4.258233974639789,3.717225686843232,3.1286465119807194,2.6888360383995584,2.526200544171551,2.312223616782623,2.0827070971159056,1.7304904865314683,1.7508414397023326,1.7783477300792572,1.5746600575754512,1.28607393768356,1.2150525638064693
34,PRT,kg/person/year,11.274271518070234,11.842613883750106,12.438758244933672,13.025535342339706,13.611981720556605,14.221289954908187,14.845872307518047,15.49348245689355,16.18099495419062,17.00131901563752,17.80539337653425,18.23136838928783,18.552869613222928,18.839686711682553,18.888651942074986,18.232996014108142,17.899209641847886,17.519241826922354,17.006806095705365,16.783668939106125,16.199384246073784,16.21546431343478,15.614640577727153,15.287720265236295,14.948629749930047,14.232632125411419,14.112905854975446,13.935422808026772,13.883378983904379,13.919645108078768,13.48229144083947,13.381774255481378
35,ROU,kg/person/year,2.4024136555804843,2.4738747658564977,2.5475492743396635,2.617620975195999,2.684934315780276,2.7882772903348316,2.96539594222221,3.1373599659339653,3.19136309302683,3.31362217244113,3.506937723864266,3.7729773553283477,4.0184781587066425,4.320517315556061,4.603906101314665,4.864463796383508,5.004699548188344,5.369187311084895,5.560436334262721,5.805669776562224,6.102378708581295,5.208918383510583,6.397466328397301,7.02235403646675,7.070939215464636,7.109542436762436,7.262355606045384,7.421116666255928,7.517251571737861,7.821926798414667,7.956976589231435,8.04329590917466
36,RUS,kg/person/year,7.230172437951768,7.43640259175756,7.640742507004177,7.831614012917095,8.024686065554183,8.209976211306557,8.40151435862845,8.593748582257069,8.790420402883097,8.991538671046756,9.212622450642321,9.48169266587557,9.722016261877354,10.012341001900834,10.351619613147722,10.744223080806343,11.147991839578339,11.610257593948013,12.114846456060981,12.639263933880803,13.152445422443593,13.723872889667087,14.275478226348222,14.848645483338338,15.664053927259564,16.166524702446473,16.640235572301812,17.12471955934432,17.564378979190177,18.001624663865975,18.60709504892913,19.316495191780575
37,SVK,kg/person/year,5.306813220664903,5.452261266577411,5.446748814824016,5.485677614836289,4.955219516290397,5.019169048527486,5.0810134724682054,5.237558396233955,5.406516558201521,5.561613536263728,5.74757877079713,5.898141176990032,6.049131789171988,6.2859500001598505,6.55456173771255,6.783875777888153,6.9319215481986545,7.114168965673428,7.217549077153238,7.508945807921195,7.757895294160821,8.02739017122613,8.162746129590655,8.247804085458494,8.157930158921769,8.25463724892493,8.218993139552989,8.274711713194208,8.318553217434996,8.283488692038539,8.220500337109682,8.247653746900943
38,SVN,kg/person/year,7.511086795670889,7.6296205167464475,7.4157559483468205,7.270177640708028,7.173479524519563,7.0905460531774445,7.498824255990596,8.151683741912006,8.631658405177738,9.122009957290114,9.573421626054143,9.820275739221943,9.836743330921994,9.966987974098108,10.048283043822812,9.719721641501836,9.01569929296025,8.241019331546124,6.976931220340093,5.946688574353415,5.812493441657276,5.991941661677129,5.869586499132928,5.501990222254483,4.831007530371316,4.911639693240032,5.196350825170587,4.980086078517874,4.444799903809933,4.263054983486893,3.8893109005368474,3.476172426633742
39,SWE,kg/person/year,16.0109150439269,16.16827922153271,16.08679586541535,15.467998427889633,14.760212130906085,14.662807928560337,14.492275865029331,14.313979601935154,14.047546369032556,13.415345666732701,12.960606241283015,12.688465040819409,11.81146168069066,11.093839676502096,10.931153674609217,10.114438953196304,9.658526002759293,8.737851639715332,7.473510822073401,6.967652610963162,6.433649902850723,5.851203598976359,5.262040592791586,4.816339626829259,4.272250215552539,3.8193636250362335,3.4190785785355673,3.1514473317930563,2.8998272596699977,2.464966437771226,2.2085543821307594,1.8523467560451574
40,TUR,kg/person/year,4.955143434425706,4.984334295193954,5.01561508999629,5.06215072594407,5.106649558142132,5.144864605899212,5.259687200488223,5.412039713745018,5.599536023489128,5.8003590246174,5.977846183775061,6.157688091001565,6.321802120064764,6.461684469449761,6.6171012905123225,6.731393151748107,6.848543005334004,6.927978900913356,6.966718356637299,6.871900477712428,6.8662698653081495,6.951871180997634,6.726700087689281,6.275702827173583,6.158854761429179,6.306625595179415,5.971575313585975,5.615452021422358,5.60579117754964,5.287476322564603,5.282597219925269,4.405827208621752
41,USA,kg/person/year,28.46822844805924,28.441059199678193,27.993183431270577,27.296268862278506,26.893616395273163,25.85376425324875,25.031416021158723,23.339715726155795,21.675137358017608,20.471130317549253,19.782377665543333,18.9696787458496,18.601268664748638,18.752073387066574,18.252419872863545,17.771262552114795,17.306060684131005,16.847153469127264,16.40476434563685,15.976391994980851,15.952799477817335,14.746970252151527,14.803272191917523,14.254842207978369,14.110925804661857,13.841537844393908,13.295690639715737,13.413338900994773,13.622831833154216,13.780799111153582,13.264645010143338,12.994348671380598
42,UKR,kg/person/year,5.066771721768512,5.236944345777693,5.370679937182383,5.485709078293126,5.601674067555249,5.701982521261213,5.776536465818595,5.825467707084946,5.885079764526507,5.955789988823304,6.0365110887024365,6.127379177216095,6.220389576280024,6.299040800876686,6.3960492287624735,6.5135923804633835,6.6667617256998,6.7923804463290836,6.89309177039286,6.939173615619211,7.035610731125317,7.083735954882015,7.050336234016137,7.135440131013313,7.171740426072078,7.318033894113821,7.344734829470279,7.26903763487099,7.174886394170001,7.128462902427301,7.041899005202254,
43,AFG,kg/person/year,,,,,,,,,,,,,,,,0.25439152067590637,,,,,,,,0.15852277571224363,,,,,,,,
44,AGO,kg/person/year,,,,,,,,,,,1.4188063946567968,,,,,1.8394979908188591,,,,,,,,,,,,,,,,
45,ALB,kg/person/year,,,,,,,,,,,6.492728992046249,6.5765858323725315,6.627072841134977,6.82510877011928,7.509904911543115,7.722659575801101,8.893292805755635,9.085765052330514,8.62895786107547,10.810290659642709,,,,,,,,,,,,
46,ARE,kg/person/year,,,,,40.8325547525487,,,,,,30.225934279048882,,,,,70.77797137252969,,,,,,,,,47.28523279497589,,,,,,,
47,ARG,kg/person/year,6.377371594617428,,,,6.913379000083582,,,7.2737141018271805,,,9.635848265087027,,,,,,,,,,7.759100866924413,,8.90772188886133,,,,,,,,,
48,ARM,kg/person/year,6.855260127894001,,,,,,,,,,6.755829135530972,,,,,,7.351760424465866,,,,7.602095243073245,,,,,,,,,,,
49,ATG,kg/person/year,57.00480040424457,,,,,,,,,,74.61195123576044,,,,,,,,,,,,,,,,,,,,,
50,AZE,kg/person/year,,8.601446459776499,8.536846074319886,8.525721931234282,8.486450827678256,8.529241393122103,8.525492379578521,8.519935035495354,8.485161724222666,8.426887585171494,,8.415818212530926,8.41243808174434,8.411402922271217,8.556404482195527,,,,,,,,,3.1099441904178264,,,,,,,,
51,BDI,kg/person/year,,,,,,,,,0.037910043179008965,,,,,,,0.00135338618577066,,,,,0.0063550465918049475,,,,,,,,,,,
52,BEN,kg/person/year,,,,,,1.3148078288454284,,,,,0.19148265160031627,,,,,,,,,,,,,,,,,,,,,
53,BFA,kg/person/year,,,,,0.9278527866105071,,,,,,,,,,,,,,1.2320769000221414,1.2741196146561329,1.3141529871386117,1.3527960083001203,1.3895274274483205,1.4248933229487548,1.4595613984975764,1.4932135713720562,1.521620868109348,1.5471980087778407,,,,
54,BGD,kg/person/year,,,,,0.540501309645312,,,,,,,0.10450329931193995,,,,0.11709386648843796,,,,,,,,,,,,,,,,
55,BHR,kg/person/year,,,,,31.689630411257234,,,,,,174.29389887018195,,,,,,,,,,,,,,,,,,,,,
56,BHS,kg/person/year,,,,,,,,,,,0.21352926335480935,,,,,,,,,,,,,,,,,,,,,
57,BIH,kg/person/year,10.515518511184144,,,,,,,,,,,,5.262763306880008,5.84232237743663,6.524593201429976,6.974742346895369,7.010928891342466,9.026156070126492,10.534923571720318,11.709293865183232,9.970905946018565,10.686209606795574,11.907567695301877,11.057179717041242,9.800989507900718,,,,,,,
58,BLZ,kg/person/year,,,,,5.579187162325619,,,,,,3.9100521617596895,,,4.924279729391889,,,6.268854185066272,,,8.434896919193687,,,,,,,,,,,,
59,BOL,kg/person/year,0.338209468343171,,,,2.2849798835986017,,,,3.792720293937633,,4.151219366863982,,4.125572448456466,,4.16871060435562,,,,,,,,,,,,,,,,,
60,BRA,kg/person/year,5.964575662543326,6.06118134537422,6.169949491596547,6.264166364897947,6.358535214134544,6.439151686134281,6.530467325252723,6.629616323503728,6.707795338680346,6.786127371074373,6.847526736797287,6.922097410553676,7.015310592612004,7.09251010673108,6.929871385192507,6.955131383192011,6.973812328460926,6.7685486025583685,6.486660976833533,6.345442898830686,6.4602874493314335,6.808274813436972,6.828261112124863,7.248598015701498,7.12573721619987,7.06083471026027,7.237276680512227,,,,,
61,BRB,kg/person/year,27.04080844291299,,,,30.567952558537627,,,34.19141111752728,,,33.64642501336411,34.27289514629412,35.56394316560198,37.02728572728087,38.484696126080834,39.93626454912577,41.38107124147616,42.8045844411651,44.01489170502687,45.220450566133955,42.98890036992989,,,,,,,,,,,
62,BRN,kg/person/year,,,,,,,,,,,,,,,,,,,,,49.76486432251191,,,,,,,,,,,
63,BTN,kg/person/year,,,,,,,,,,,3.150507401989418,,,,,,,,,,,,,,,1.0655559053592618,,,,,,
64,BWA,kg/person/year,,,,,5.207695950367931,,,,,,2.773619921423753,,,,,,,,,,,,,,,0.49761882524116435,,,,,,
65,CAF,kg/person/year,,,,,1.2735880425767385,,,,,,,,,,,,,,,,,,,,,,,,,,,
66,CHL,kg/person/year,2.1959296906781955,,,,2.934413948275782,,,,,,4.735601345484005,,,,,,6.5827470357838545,,,,5.675081194827478,,,7.532870643363693,,,8.4218656849009,,10.036654911784915,,,
67,CHN,kg/person/year,,,,,1.681456477600898,,,,,,,,,,,,,,,,1.935326496016014,,1.8520946646957062,,3.4630636589472457,,,,,,,
68,CIV,kg/person/year,,,,,30.00785739462705,,,,,,27.891619299664814,,,,,,,,,,,,,,,,,,,,,
69,CMR,kg/person/year,,,,,3.9396485073931053,,,,,,4.505819597320204,,,,,,,,,,,,,,,,,,,,,
70,COD,kg/person/year,,,,,6.753953105350178,,,,,6.860447778038598,6.854900176827463,6.827036974348539,6.817380588555964,6.858671502845779,,,,,,,,,,,,,,,,,,
71,COG,kg/person/year,,,,,2.352747244513378,,,,,,1.5985807410905446,,,,,,,,,,,,,,,,,,,,,
72,COK,kg/person/year,,,,,0.7251925690983236,,,,,,,,,,,,,,,,,,,,,,,,,,,
73,COL,kg/person/year,9.567075860838216,,,,9.72929635343196,,,,,,10.001750599609055,,,,10.345448218879115,,,,,,,,,,,,,,,,,
74,COM,kg/person/year,,,,,0.17191928664056197,,,,,,0.0051289407889588984,,,,,,,,,,,,,,,,,,,,,
75,CPV,kg/person/year,,,,,,3.561166993208259,,,,,2.2454942815182073,,,,,,,,,,,,,,,,,,,,,
76,CRI,kg/person/year,5.059759303640335,,,,,,10.20175404528266,,,,7.46382495144116,,,,,7.344955973129046,,,,,,,,,,,,,,,,
77,CUB,kg/person/year,5.95952828164582,,,,,,,,,,4.157290552289342,,4.7734786528727575,,,,,,,,,,,,,,,,,,,
78,DJI,kg/person/year,,,,,2.2615108496383987,,,,,,3.4904108038321744,,,,,,,,,,,,,,,,,,,,,
79,DMA,kg/person/year,,,,,39.4520072834475,,,,,,6.876774061393498,6.837556673954191,6.782690222964461,6.706408345752608,6.751830139703095,6.785683082389259,5.964330394809577,6.106870229007634,6.687796225756739,6.105804875921323,6.108646643880446,6.400744813941986,6.677505516200209,6.684200584141007,6.775165414942844,6.713614352850429,6.707099536211202,9.090521710722555,,,,
80,DOM,kg/person/year,8.138584295926893,,,,14.343726914290052,,,,3.8251048100451506,,3.879031813329702,,,,,,,,,,15.321578742511448,,,,,,,,,,,
81,DZA,kg/person/year,,,,,7.015784010641656,,,,,,11.670655505391924,,,,,,,,,,,,,,,,,,,,,
82,ECU,kg/person/year,6.626897625293102,,,,,,,,,,,,,,,,,,,,9.376618977573905,,8.663847434135223,,,,,,,,,
83,EGY,kg/person/year,4.618923516590075,,,,,,,,,,7.8042496899772305,,,,,6.942748627858683,,,,,,,,,,,,,,,,
84,ERI,kg/person/year,,,,,1.2582619339045287,1.2562464653581924,1.475217451027418,1.7891734062501499,1.9029143434536517,2.0242081717750695,0.835812911637859,,,,,,,,,,,,,,,,,,,,,
85,ETH,kg/person/year,,,,,0.08267123438276781,0.15610054857864086,0.2248606343277389,0.2941812224292985,0.36539359257727544,0.43078922773079803,0.4788862586805169,0.519910971673685,0.5607887584654782,0.596289912380459,0.6235960184659369,0.6545684687505888,0.6936170372959072,0.7462206930724887,0.8157146929117588,0.9121966038267162,1.0540820088206801,1.2196572196700275,1.3478239786692143,1.4757650062832979,,,,,,,,
86,FJI,kg/person/year,,,,,4.299427290994091,,,,,,,,,,3.5998864651191766,,,,,,,,,,,,,,,,,
87,FSM,kg/person/year,,,,,0.9187460953290949,,,,,,0.3073163308238369,,,,,,,,,,,,,,,,,,,,,
88,GAB,kg/person/year,,,,,3.2122939509569672,,,,,,7.879428250460549,,,,,,,,,,,,,,,,,,,,,
89,GEO,kg/person/year,5.467021600900075,,,,,,,,,,10.295012721644051,10.375243607100625,10.588191261147148,10.702307840684947,10.780022362278947,10.865443698370841,9.824938158814213,9.973198309471211,10.13996450239168,10.271840630836273,10.711965160831948,10.885316388524156,10.961119306395092,11.06702204397596,,,,14.096344017603858,,,,
90,GHA,kg/person/year,1.2118872152502023,1.2781290160470518,1.2806661039945206,1.2887811212852385,1.4400686726146472,1.5700554978492307,1.5786810251731533,1.860079132736736,1.9583527565591725,1.9487097710977817,2.3874295199786917,2.4376624644099048,2.6928953712356187,2.959279803562332,3.233751675990864,3.298669228554572,3.368171540889992,,,,,,,,,,,,,,,
91,GIN,kg/person/year,,,,,2.238467266822654,,,,,,0.35984309401728465,,,,,,,,,,,,,,,,,,,,,
92,GMB,kg/person/year,,,,8.037257266699136,,,,,,,4.525790256820859,,,,,,,,,,,,,,,,,,,,,
93,GNB,kg/person/year,,,,,1.918105169063992,,,,,,,,,,,,0.7566698324223828,,,,1.473947499393831,,,,,,,,,,,
94,GRD,kg/person/year,,,,,678.4655048752593,,,,,,,,,,,,,,,,,,,,,,,,,,,
95,GTM,kg/person/year,3.186868586801221,,,,3.1850670252892517,,,,,,3.265111290200814,,,,,3.4847063241739353,,,,,,,,,,,,,,,,
96,GUY,kg/person/year,,,,,,,,,,2.7044355381299026,2.937879009447323,3.1718497675073607,3.2749239467962954,3.287043002411375,3.655855154492757,,,,,,,,,,,,,,,,,
97,HND,kg/person/year,,,,,,2.5701757766266087,,,,,4.009479135761204,,,,,0.08592640495951347,,,,,,,,,,0.5121305545588495,,,,,,
98,HTI,kg/person/year,,,,,0.7119870704216661,0.7250256840020788,0.8210441596928317,0.7529842686930871,0.7679047093524094,0.7820740823938191,0.7978254173781208,,,,,,,,,,,,,,,,,,,,,
99,IDN,kg/person/year,,,,,,,,,,,4.029243916478153,,,,,,,,,,,,,,,,,,,,,
100,IND,kg/person/year,,,,,0.6157023405780602,,,,,,0.46071582238078645,,,,,,,,,,0.5359767048180561,,,,,,0.5632597722545019,,,,,
101,IRN,kg/person/year,,,,,4.951175986816469,,,,,,7.590886926191678,,,,,,,,,,,,,,,,,,,,,
102,IRQ,kg/person/year,,,,,,,,7.299345253208913,,,,,,,,,,,,,,,,,,,,,,,,
103,ISR,kg/person/year,,,,,,,19.917425246928676,,,,20.874956621601235,,,25.282026457884044,26.752872155484013,28.114796795865384,29.34284775875239,30.310175627229476,31.133728188268645,31.7100889108107,32.14626400042879,32.59582498947945,33.28408546177456,33.01329835470666,33.14579815590343,32.38151592691113,32.81866483381551,32.44382711403313,31.941352990915515,30.87514862588933,,
104,JAM,kg/person/year,,,,,5.836931432560094,,,,,,,,,,,,7.08267959519047,7.270786063043342,7.416906489811619,7.974578322590978,8.15685746641423,,7.989660183990461,,,,,,,,,
105,JOR,kg/person/year,,,,,86.70070305827308,,,,,,23.68852416866983,,,,,,23.536971479774333,,,,,,,,,,17.008113476270527,,,,,
106,KEN,kg/person/year,,,,,0.2581030869514908,0.10305693277938557,,,,,0.17243834891447793,,,,,0.24551509485391992,,,,,0.3181760539642003,,,,,,,,,,,
107,KGZ,kg/person/year,9.98636094926337,11.58875912402207,10.536605306069855,7.97094617063989,4.859525546277281,5.163130028874419,4.722596931160581,5.110221075277531,4.0806276052862005,4.45271496036718,4.231211736466862,4.181919941286101,4.136499901226286,3.9701662532717803,5.14041159889742,4.180497481857706,3.7360593201360452,3.1296189482216965,4.29424095229276,9.59582274751874,7.587092392939607,,,,,,,,,,,
108,KHM,kg/person/year,,,,,0.5547014094022641,,,,,,0.7995814121168848,,,,,,,,,,,,,,,,,,,,,
109,KIR,kg/person/year,,,,,5.297238487989635,,,,,,,,,,,,,,,,,,,,,,,,,,,
110,KNA,kg/person/year,,,,,50.951167829337386,,,,,,,,,,,,,,,,,,,,,,,,,,,
111,KOR,kg/person/year,8.085894937672201,8.780910878789713,9.315781829199006,9.707372072301384,10.071341621909331,10.276159420293048,10.532593747793479,10.81188266241925,9.830215221065032,9.744962881265707,9.712410446384249,10.102881580901562,10.045082203826876,10.088191903792149,8.992969116093656,8.825929602671547,8.537056705474063,7.872776202022036,7.730384742740425,7.77537359570062,7.564986423095696,7.369755930653316,6.955891388163218,6.828784306926299,6.908890836617232,7.21589023077259,7.051649051381501,7.279519877051476,7.218505754021623,,,
112,KWT,kg/person/year,,,,,20.595866446164962,,,,,,,,,,,,,,,,,,,,,,15.078487729383152,,,,,
113,LAO,kg/person/year,2.5959318502991,,,,,,,,,,0.20254645080616251,,,,,,,,,,,,,,,,,,,,,
114,LBN,kg/person/year,,,,,11.00885152401763,,,,,,18.07601740667243,,,,,,,,,,,20.711365741034392,20.902463474277553,10.726012809885058,,,,,,,,
115,LBR,kg/person/year,,,,,,,,,,,0.6907928367546,,,,,,,,,,,,,,0.6704432758522263,,,,,,,
116,LCA,kg/person/year,,,,,184.63645964094286,,,,,,18.24012539184953,,,,,18.925422949947396,,,,,19.05929154356919,,,,,,,,,,,
117,LKA,kg/person/year,,,,,26.091865396265906,,,,,,4.476903444227854,,,,,,,,,,,,,,,,,,,,,
118,LSO,kg/person/year,,,,,0.6646980439035675,,,,,,,,,,,,,,,,,,,,,,,,,,,
119,MAR,kg/person/year,,,,,3.549408201064128,,,,,,3.9342427431975056,,,,4.638211974278402,4.4392637073830645,4.466299923812976,,6.962001354160518,,8.423172030967722,,9.33672409731433,,,,,,,,,
120,MDA,kg/person/year,16.413467348213775,17.897797047246595,19.26211072010024,18.952579940445368,18.539513714089015,18.094490063392815,17.431828621539232,16.80203578278338,16.274847055288873,15.424083711243055,14.665136879926559,13.874440215583807,13.263946116853864,12.985914447107975,12.818078599059302,13.036995717979439,13.43715094142461,14.422920917870545,15.775745707059711,16.8646045917687,17.75434956252892,17.926075469955713,18.213521875483828,18.730993142164714,,,,,,,,
121,MDG,kg/person/year,,,,,0.7442624251448763,,,,,,,,,,,0.7449910923011503,0.7901932776582001,0.8037299609005809,0.8243080021952175,0.8205945889032178,0.8633684139422404,,,,,,,,,,,
122,MDV,kg/person/year,,,,,4.528134305573729,,,,,,,,,,,,,,,,,,,,,,,,,,,
123,MEX,kg/person/year,0.03333082792725368,0.24359233346175946,0.45390205062340583,0.6476306548943743,0.8269263445518685,0.9996871894803344,1.1814377069189854,1.350081398936613,1.5111604488799262,1.6880462944559609,1.8578900621283476,2.0463904707433875,2.2202857998316645,2.3741058261625954,2.534690610294002,3.0143019512704017,3.432496863537313,3.859046329930301,4.251775376587747,4.624881779584459,4.963717495186543,5.30186531750555,5.628078419161594,5.949812750243605,,,,,,,,
124,MHL,kg/person/year,,,,,,,,,,,22.297875479492475,,,,,19.294035371846068,,,,,21.882020368428936,,,,,,,,,,,
125,MKD,kg/person/year,15.787282958626154,15.956646795824197,16.41791618826941,16.672471137245044,15.744164601049135,16.218192887236526,16.524770692990664,17.311006000297372,17.331787848437337,17.315506730481307,17.522352386597685,17.21804213921994,17.2653205065181,16.710587685441176,16.711033521302355,16.784835629842657,17.053686195836285,17.264318297009634,17.514872542633185,17.74343509649548,,,,,,,,,,,,
126,MLI,kg/person/year,,,,,,0.554374346216254,,,,,0.9137741532885948,,,,,,,,,,0.29042098227846014,,,,,,,,,,,
127,MMR,kg/person/year,,,,,,,,,,,2.9274238678746514,2.956655752648071,2.969219386392881,3.017413602800579,3.050290244001672,3.0868859709309295,,,,,,,,,,,,,,,,
128,MNE,kg/person/year,,,,,,,,,,,,,,,,,,,,,,3.957023558535458,,,,,,,,,,
129,MNG,kg/person/year,1.573030484868141,1.5908534110397043,1.5649494253058582,1.5416390089287328,1.47729099591138,1.5019306245370836,1.442491471269176,1.4275091937889917,1.4552119037996831,,,,,,,,0.9414072760322357,,,,,,,,,,,,,,,
130,MOZ,kg/person/year,,,,,,,,,,,,,,,,,,,,,,,,,,,,,,,,
131,MRT,kg/person/year,,,,,,4.222230344307811,,,,,0.41795871841330046,,,,,,,,,,,,,,,,,,,,,
132,MUS,kg/person/year,,,,,,2.9356830289767255,,,,,17.518113707203536,20.49218459248232,22.529603589060365,23.242590595167183,22.201250819750797,23.660067024469658,30.02924649362294,,,,,,,33.88107610574491,,,,,,,,
133,MWI,kg/person/year,0.42349495501152296,,,,0.38295272142686604,,,,,,,,,,,,,,,,,,,,,,,,,,,
134,MYS,kg/person/year,,37.457678891567696,38.450975748092965,39.108778305475525,39.72236057739626,38.67008835204517,40.944201194470764,41.3272232840971,43.71579753016858,45.99342036349312,45.237073131856995,45.83007152953264,45.799598413262856,45.59197352873807,45.63308784358696,45.6875503844405,48.55130766821079,49.05357372141296,49.58228641057946,50.158643169134216,50.824880214082306,50.79051493005266,,,,,,,,,,
135,NAM,kg/person/year,,,,,2.188072885285306,,,,,,3.0783760027397546,,,,,,,,,,,,,,,,,,,,,
136,NER,kg/person/year,,,,,,,,,,,,,,,,,,,0.06470324664715864,,,,,,,,,,,,,
137,NGA,kg/person/year,,,,,1.8478988112161836,,,,,,,,,,,,,,,,,,,,,,,,,,,
138,NIC,kg/person/year,,,,,2.451754063555346,,,,,,4.897308763898968,,,,,,,,,,,,,,,,,,,,,
139,NIU,kg/person/year,,,,,0.011014736842105263,,,,,,,,,,,,,,,550.9641873278237,,,,,,,,,,,,
140,NPL,kg/person/year,,,,,0.4280847255378141,,,,,,0.4951240864024105,,,,,,,,,,,,,,,,,,,,,
141,NRU,kg/person/year,,,,,9.830640451625463,,,,,,17.175869711862774,,,18.285286156225833,,,,19.8264342066816,,,14.816521824040622,,,,,,,,,,,
142,OMN,kg/person/year,,,,,2.5945844610824045,,,,,,,,,,,,,,,,,,,,,,,,,,,
143,PAK,kg/person/year,,,,,,,,,,,,,,,,,,,,,,,,,,2.8108355368372133,,,,,,
144,PAN,kg/person/year,,,,,9.382332883066523,,,,,,15.59433540180649,,,,,,,,,,,,,,,,,,,,,
145,PER,kg/person/year,,,,,3.9998735784771196,,,,,,11.058642230733305,,,,,,,,,,9.01125880650042,,9.611977528576308,,,,,,,,,
146,PHL,kg/person/year,,,,,2.9937790504143202,,,,,,,,,,,,,,,,,,,,,,,,,,,
147,PLW,kg/person/year,,,,,32.79666070363745,,,,,,3.5486160397444992,,,,,4.034088043971559,,,,,,,,,,,,,,,,
148,PNG,kg/person/year,,,,,,,,,,,0.5264785105087834,,,,,,,,,,,,,,,,,,,,,
149,PRK,kg/person/year,0.28846815381295043,,,,0.3166672132945944,,,,,,0.2995670101230968,,0.2961281957573206,,,,,,,,,,,,,,,,,,,
150,PRY,kg/person/year,2.005323715662835,,,,1.819677925905295,,,,,,2.2502746486556218,,,,,11.645320564014757,,,,,,15.74793987411573,15.509877734149859,,,4.556527650757937,,4.682629145212484,,,,
151,PSE,kg/person/year,,,,,,,,,,,,,,,,,,,,,,2.7092205382724552,,,,,,,,,,
152,QAT,kg/person/year,,,,,,,,,,,,,,,,,,12.988141015494042,,,,,,,,,,,,,,
153,RWA,kg/person/year,,,,,,,,,,,,,,,,0.11078737808264494,,,,,,,,,,,,,,,,
154,SAU,kg/person/year,37.33813490396577,,,,,,,,,,35.49710661012773,,,,,,,,,,24.295516285246034,,24.943592214056252,,,,,,,,,
155,SDN,kg/person/year,,,,,,1.0733943244575646,,,,,2.5476473750315267,,,,,,,,,,,,,,,,,,,,,
156,SEN,kg/person/year,,,,,,,,,,,9.220667113410805,,,,,3.2950439386272556,,,,,,,,,,,,,,,,
157,SGP,kg/person/year,,,,,,,,,,,,,,,,,,,,,,,,,,,,,,,,
158,SLB,kg/person/year,,,,,,,,,,,13.31456493122904,,,,,13.693957663316358,,,,,12.707659332159235,,,,,,,,,,,
159,SLV,kg/person/year,,,,,4.503746505819917,,,,,,,,,,,10.765480305216274,,,,,,,,,,,,,,,,
160,SMR,kg/person/year,,,,,,,,,,,,,,,,,,,,,,,,,,,,,,,,
161,SRB,kg/person/year,10.043156024848235,,,,,,,,14.490002261597446,,,,,,,,,,,,,,,,,,,,,,,
162,SSD,kg/person/year,,,,,,,,,,,,,,,,,,,,,,,0.09531281478925963,0.09544363778563197,0.09898973396196867,0.1036241751269999,,,,,,
163,STP,kg/person/year,,,,,,,,,1.3370395729648896,,,,,,,1.379562215781909,,,,,,,1.63781301994482,,,,,,,,,
164,SUR,kg/person/year,,,,,,,,,,,,,,1.984993449521617,,,,,,,,,,,,,,,,,,
165,SWZ,kg/person/year,,,,,1.1219025790128723,,,,,,,,,,,,,,,,,,,,,,,,,,,
166,SYC,kg/person/year,,,,,,27.430253562587808,,,,,31.351486385211096,,,,,,,,,,,,,,,,,,,,,
167,SYR,kg/person/year,,,,,,,,,,,,,,,,,,,,,,,,,,,,,,,,
168,TCD,kg/person/year,,,,2.175774004850906,,,,,0.6395027185351366,0.6589918752315398,0.6683507005635093,0.6651985453700541,0.6867782958597906,0.6665676420446947,,,,,,,0.08407086602323868,,,,,,,,,,,
169,TGO,kg/person/year,,,,,,0.17603031086174,,,,,0.3777738697722284,,,,,0.4624676025686986,,,,,0.4973590300716357,,,0.5023091444877176,0.5052397702454648,0.5091188701379156,0.513834325716664,0.519196395314389,0.5253276360524456,,,
170,THA,kg/person/year,,,,,0.33385082172823377,,,,,,,,,,,,,,,,,,,3.6587397947432176,,,,,,,,
171,TJK,kg/person/year,5.721816362918201,5.579246355402312,4.950313001219192,4.896983213491329,4.651969773223366,4.56376106648673,4.639141096162768,4.577355593013582,4.547813354491493,3.2312448451547082,3.188268193294498,3.2767393634699733,3.2101477355847168,3.2971189774375156,3.3817541717613526,3.3193128445140054,3.2589827127970477,3.3387165500596727,3.2766173622219945,3.3473493545507083,3.280074113930619,,,,,,,,,,,
172,TKM,kg/person/year,,,,,3.7018783040171184,,,,,,0.8754397990690573,,,,5.045860900221421,,,,,,3.449146445404966,,,,,,,,,,,
173,TLS,kg/person/year,,,,,,,,,,,,,,,,,,,,,0.30536079690593393,,,,,,,,,,,
174,TON,kg/person/year,,,,,8.021578044940892,,,,,,11.403175345750125,,,,,,7.138148601563236,,,,,,,,,,,,,,,
175,TTO,kg/person/year,12.54147197276312,,,,,,,,,,,,,,,,,,,,,,,,,,,,,,,
176,TUN,kg/person/year,,,,,3.485126172723356,,,,,,6.347720016221053,,,,,,,,,,,,,,,,,,,,,
177,TUV,kg/person/year,,,,,,,,,,,,,,,,,,,,,,,,,3.4406826314340764,,,,,,,
178,TZA,kg/person/year,0.6336408607307361,,,,0.5611703068447493,,,,,,,,,,,,,,,,,,,,,,,,,,,
179,UGA,kg/person/year,,,,,0.14539115263531896,,,,,,1.2905537253977268,,,,,,,,,,,,,,,,,,,,,
180,URY,kg/person/year,,,,,,,,,8.27539788572779,,,,8.770759859317012,,,,9.029937855967676,,9.29221498228784,,,,,,,,,,,12.600596953280661,,
181,UZB,kg/person/year,7.736235399252734,7.645962273930059,7.559486515012925,7.463061821952405,7.3684308179094105,7.284660583601799,7.234197485202283,7.2005063652147205,7.173253657998642,7.139361205588386,7.078411710862408,7.033719351448225,6.9856329300100235,6.932231134868496,6.882138779381245,6.785153794630142,7.339646518711823,7.313837559564925,10.566015519344083,10.540050465721732,10.615099165280864,10.739149341707074,10.73303038581138,,,,,,,,,
182,VCT,kg/person/year,14.961728910896372,,,,15.525170259074635,,,15.497567293219925,,,23.02021737411368,,,,23.266552998010802,,,,,,,,,,,,,,,,,
183,VEN,kg/person/year,,,,,,,,,,11.631846508693636,,,,,,,,,,,,,,,,,,,,,,
184,VNM,kg/person/year,,,,,0.9144414620983545,,,,,,3.373622118019509,,,,,,,,,,2.7264680717039784,,,3.2949756280037104,,,,,,,,
185,VUT,kg/person/year,,,,,,,,,,,1.5618980184720472,,,,,,,,,,,,,,,,,,,,,
186,WSM,kg/person/year,,,,,,,,,,,,,,,,,,,,,,,,,,,,,,,,
187,YEM,kg/person/year,,,,,,1.6164349517823604,,,,,2.8021278994240073,,,,,,,,,,2.3440077019243417,,2.288033610908673,,,,,,,,,
188,ZAF,kg/person/year,16.78311893126888,,,,16.680694745597332,,,,,,,,,,,,,,,,,,,,,,,,,,,
189,ZMB,kg/person/year,,,,,2.101669346167244,,,,,,,,,,,,,,,,,,,,,,,,,,,
190,ZWE,kg/person/year,,,,,2.238779716784696,,,,,,4.799455430803513,,,,,,2.0639893467331794,,,,,,,,,,,,,,,
